-- MySQL Script generated by MySQL Workbench
-- Sun Mar  1 21:03:26 2026
-- Model: New Model    Version: 1.0
-- MySQL Workbench Forward Engineering

SET @OLD_UNIQUE_CHECKS=@@UNIQUE_CHECKS, UNIQUE_CHECKS=0;
SET @OLD_FOREIGN_KEY_CHECKS=@@FOREIGN_KEY_CHECKS, FOREIGN_KEY_CHECKS=0;
SET @OLD_SQL_MODE=@@SQL_MODE, SQL_MODE='ONLY_FULL_GROUP_BY,STRICT_TRANS_TABLES,NO_ZERO_IN_DATE,NO_ZERO_DATE,ERROR_FOR_DIVISION_BY_ZERO,NO_ENGINE_SUBSTITUTION';

-- -----------------------------------------------------
-- Schema Kindrat_Anatolii
-- -----------------------------------------------------
DROP SCHEMA IF EXISTS `Kindrat_Anatolii` ;
CREATE SCHEMA IF NOT EXISTS `Kindrat_Anatolii` DEFAULT CHARACTER SET utf8 ;
USE `Kindrat_Anatolii` ;

-- -----------------------------------------------------
-- Table `Kindrat_Anatolii`.`Departaments`
-- -----------------------------------------------------
CREATE TABLE IF NOT EXISTS `Kindrat_Anatolii`.`Departaments` (
    `departament_id` INT NOT NULL,
    `departament_name` VARCHAR(45) NULL,
    `departament_type` VARCHAR(45) NULL,
    `hazard_bonus` INT NULL,
    PRIMARY KEY (`departament_id`))
    ENGINE = InnoDB;


-- -----------------------------------------------------
-- Table `Kindrat_Anatolii`.`Position`
-- -----------------------------------------------------
CREATE TABLE IF NOT EXISTS `Kindrat_Anatolii`.`Position` (
    `position_id` INT NOT NULL,
    `position_title` VARCHAR(45) NULL,
    `base_salary` INT NULL,
    `schedule_bonus` INT NULL,
    PRIMARY KEY (`position_id`))
    ENGINE = InnoDB;


-- -----------------------------------------------------
-- Table `Kindrat_Anatolii`.`Employees`
-- -----------------------------------------------------
CREATE TABLE IF NOT EXISTS `Kindrat_Anatolii`.`Employees` (
    `employee_id` INT NOT NULL,
    `full_name` VARCHAR(45) NULL,
    `employee_number` INT NULL,
    `initial_experience` INT NULL,
    `hire_date` DATE NULL,
    PRIMARY KEY (`employee_id`))
    ENGINE = InnoDB;


-- -----------------------------------------------------
-- Table `Kindrat_Anatolii`.`Staffing_table`
-- -----------------------------------------------------
CREATE TABLE IF NOT EXISTS `Kindrat_Anatolii`.`Staffing_table` (
    `staffing_id` INT NOT NULL,
    `total_slots` INT NULL,
    `vacant_slots` INT NULL,
    `departament_id` INT NULL,
    `position_id` INT NULL,
    PRIMARY KEY (`staffing_id`),
    INDEX `k_staffing_departments_idx` (`departament_id` ASC) VISIBLE,
    INDEX `fk_staffing_position_idx` (`position_id` ASC) VISIBLE,
    CONSTRAINT `fk_staffing_departments`
    FOREIGN KEY (`departament_id`)
    REFERENCES `Kindrat_Anatolii`.`Departaments` (`departament_id`)
    ON DELETE CASCADE
    ON UPDATE CASCADE,
    CONSTRAINT `fk_staffing_position`
    FOREIGN KEY (`position_id`)
    REFERENCES `Kindrat_Anatolii`.`Position` (`position_id`)
    ON DELETE CASCADE
    ON UPDATE CASCADE)
    ENGINE = InnoDB;


-- -----------------------------------------------------
-- Table `Kindrat_Anatolii`.`Appointments`
-- -----------------------------------------------------
CREATE TABLE IF NOT EXISTS `Kindrat_Anatolii`.`Appointments` (
    `appointments_id` INT NOT NULL,
    `fte_share` FLOAT NULL,
    `personal_bonus` INT NULL,
    `employee_id` INT NULL,
    `staffing_id` INT NULL,
    INDEX `fk_appoiments_employees_idx` (`employee_id` ASC) VISIBLE,
    INDEX `fk_appoiments_staffing_idx` (`staffing_id` ASC) VISIBLE,
    PRIMARY KEY (`appointments_id`),
    CONSTRAINT `fk_appoiments_employees`
    FOREIGN KEY (`employee_id`)
    REFERENCES `Kindrat_Anatolii`.`Employees` (`employee_id`)
    ON DELETE CASCADE
    ON UPDATE CASCADE,
    CONSTRAINT `fk_appoiments_staffing`
    FOREIGN KEY (`staffing_id`)
    REFERENCES `Kindrat_Anatolii`.`Staffing_table` (`staffing_id`)
    ON DELETE CASCADE
    ON UPDATE CASCADE)
    ENGINE = InnoDB;


-- -----------------------------------------------------
-- Table `Kindrat_Anatolii`.`Diplomas`
-- -----------------------------------------------------
CREATE TABLE IF NOT EXISTS `Kindrat_Anatolii`.`Diplomas` (
    `diploma_id` INT NOT NULL,
    `diploma_number` VARCHAR(45) NULL,
    `specality` VARCHAR(45) NULL,
    `employees_id` INT NULL,
    PRIMARY KEY (`diploma_id`),
    CONSTRAINT `fk_diplomas_employees`
    FOREIGN KEY (`employees_id`)
    REFERENCES `Kindrat_Anatolii`.`Employees` (`employee_id`)
    ON DELETE CASCADE
    ON UPDATE CASCADE)
    ENGINE = InnoDB;


-- ----------------------------------------------
-- Table `Kindrat_Anatolii`.`Users`
-- ----------------------------------------------
CREATE TABLE IF NOT EXISTS `Kindrat_Anatolii`.`Users`(
  `users_id` INT NOT NULL AUTO_INCREMENT,
  `users_login` VARCHAR(32),
  `users_password` VARCHAR(255),
   PRIMARY KEY (`users_id`)
);


SET SQL_MODE=@OLD_SQL_MODE;
SET FOREIGN_KEY_CHECKS=@OLD_FOREIGN_KEY_CHECKS;
SET UNIQUE_CHECKS=@OLD_UNIQUE_CHECKS;

-- --------------------------------------------------
-- New User
-- ---------------------------------------------------

CREATE USER 'user1'@'localhost' IDENTIFIED BY '1234';
GRANT ALL PRIVILEGES ON `Kindrat_Anatolii`.* TO 'user1'@'localhost';
FLUSH PRIVILEGES;

-- -----------------------------------------------------
-- Data for table `Kindrat_Anatolii`.`Departaments`
-- -----------------------------------------------------
START TRANSACTION;
USE `Kindrat_Anatolii`;
INSERT INTO `Kindrat_Anatolii`.`Departaments` (`departament_id`, `departament_name`, `departament_type`, `hazard_bonus`) VALUES (1, 'Дирекція', 'Адміністрація', 0);
INSERT INTO `Kindrat_Anatolii`.`Departaments` (`departament_id`, `departament_name`, `departament_type`, `hazard_bonus`) VALUES (2, 'Бухгалтерія', 'Відділ', 0);
INSERT INTO `Kindrat_Anatolii`.`Departaments` (`departament_id`, `departament_name`, `departament_type`, `hazard_bonus`) VALUES (3, 'IT Департамент', 'Департамент', 5);
INSERT INTO `Kindrat_Anatolii`.`Departaments` (`departament_id`, `departament_name`, `departament_type`, `hazard_bonus`) VALUES (4, 'Відділ продажів', 'Відділ', 0);
INSERT INTO `Kindrat_Anatolii`.`Departaments` (`departament_id`, `departament_name`, `departament_type`, `hazard_bonus`) VALUES (5, 'Склад', 'Цех', 10);

COMMIT;


-- -----------------------------------------------------
-- Data for table `Kindrat_Anatolii`.`Position`
-- -----------------------------------------------------
START TRANSACTION;
USE `Kindrat_Anatolii`;
INSERT INTO `Kindrat_Anatolii`.`Position` (`position_id`, `position_title`, `base_salary`, `schedule_bonus`) VALUES (1, 'Директор', 50000, 15);
INSERT INTO `Kindrat_Anatolii`.`Position` (`position_id`, `position_title`, `base_salary`, `schedule_bonus`) VALUES (2, 'Головний бухгалтер', 35000, 10);
INSERT INTO `Kindrat_Anatolii`.`Position` (`position_id`, `position_title`, `base_salary`, `schedule_bonus`) VALUES (3, 'Інженер-програміст', 40000, 5);
INSERT INTO `Kindrat_Anatolii`.`Position` (`position_id`, `position_title`, `base_salary`, `schedule_bonus`) VALUES (4, 'Менеджер з продажу', 20000, 20);
INSERT INTO `Kindrat_Anatolii`.`Position` (`position_id`, `position_title`, `base_salary`, `schedule_bonus`) VALUES (5, 'Спеціаліст з кадрів', 18000, 0);

COMMIT;


-- -----------------------------------------------------
-- Data for table `Kindrat_Anatolii`.`Employees`
-- -----------------------------------------------------
START TRANSACTION;
USE `Kindrat_Anatolii`;
INSERT INTO `Kindrat_Anatolii`.`Employees` (`employee_id`, `full_name`, `employee_number`, `initial_experience`, `hire_date`) VALUES (1, 'Іванщенко Тарас', 1, 0, '2015-10-12');
INSERT INTO `Kindrat_Anatolii`.`Employees` (`employee_id`, `full_name`, `employee_number`, `initial_experience`, `hire_date`) VALUES (2, 'Кривоніс Сергій', 25, 5, '2013-10-12');
INSERT INTO `Kindrat_Anatolii`.`Employees` (`employee_id`, `full_name`, `employee_number`, `initial_experience`, `hire_date`) VALUES (3, 'Галущенко Максим', 33, 10, '2015-11-12');
INSERT INTO `Kindrat_Anatolii`.`Employees` (`employee_id`, `full_name`, `employee_number`, `initial_experience`, `hire_date`) VALUES (4, 'Вінник Олег', 26, 6, '2015-10-14');
INSERT INTO `Kindrat_Anatolii`.`Employees` (`employee_id`, `full_name`, `employee_number`, `initial_experience`, `hire_date`) VALUES (5, 'Чмут Тарас', 14, 3, '2010-12-12');

COMMIT;


-- -----------------------------------------------------
-- Data for table `Kindrat_Anatolii`.`Staffing_table`
-- -----------------------------------------------------
START TRANSACTION;
USE `Kindrat_Anatolii`;
INSERT INTO `Kindrat_Anatolii`.`Staffing_table` (`staffing_id`, `total_slots`, `vacant_slots`, `departament_id`, `position_id`) VALUES (1, 1, 0, 1, 1);
INSERT INTO `Kindrat_Anatolii`.`Staffing_table` (`staffing_id`, `total_slots`, `vacant_slots`, `departament_id`, `position_id`) VALUES (2, 1, 0, 2, 2);
INSERT INTO `Kindrat_Anatolii`.`Staffing_table` (`staffing_id`, `total_slots`, `vacant_slots`, `departament_id`, `position_id`) VALUES (3, 5, 2, 3, 3);
INSERT INTO `Kindrat_Anatolii`.`Staffing_table` (`staffing_id`, `total_slots`, `vacant_slots`, `departament_id`, `position_id`) VALUES (4, 10, 3, 4, 4);
INSERT INTO `Kindrat_Anatolii`.`Staffing_table` (`staffing_id`, `total_slots`, `vacant_slots`, `departament_id`, `position_id`) VALUES (5, 2, 0, 5, 5);

COMMIT;


-- -----------------------------------------------------
-- Data for table `Kindrat_Anatolii`.`Diplomas`
-- -----------------------------------------------------
START TRANSACTION;
USE `Kindrat_Anatolii`;
INSERT INTO `Kindrat_Anatolii`.`Diplomas` (`diploma_id`, `diploma_number`, `specality`, `employees_id`) VALUES (1, 'КВ №123456', 'Менеджмент', 1);
INSERT INTO `Kindrat_Anatolii`.`Diplomas` (`diploma_id`, `diploma_number`, `specality`, `employees_id`) VALUES (2, 'СВ №654321', 'Фінанси і кредит', 2);
INSERT INTO `Kindrat_Anatolii`.`Diplomas` (`diploma_id`, `diploma_number`, `specality`, `employees_id`) VALUES (3, 'АА №112233', 'Комп\'ютерна інженерія', 3);
INSERT INTO `Kindrat_Anatolii`.`Diplomas` (`diploma_id`, `diploma_number`, `specality`, `employees_id`) VALUES (4, 'МВ №998877', 'Маркетинг', 4);
INSERT INTO `Kindrat_Anatolii`.`Diplomas` (`diploma_id`, `diploma_number`, `specality`, `employees_id`) VALUES (5, 'РВ №445566', 'Управління персоналом', 5);

COMMIT;


-- -----------------------------------------------------
-- Data for table `Kindrat_Anatolii`.`Appointments`
-- -----------------------------------------------------
START TRANSACTION;
USE `Kindrat_Anatolii`;
INSERT INTO `Kindrat_Anatolii`.`Appointments` (`appointments_id`, `fte_share`, `personal_bonus`, `employee_id`, `staffing_id`) VALUES (1, 1, 5000, 1, 1);
INSERT INTO `Kindrat_Anatolii`.`Appointments` (`appointments_id`, `fte_share`, `personal_bonus`, `employee_id`, `staffing_id`) VALUES (2, 1, 2000, 2, 2);
INSERT INTO `Kindrat_Anatolii`.`Appointments` (`appointments_id`, `fte_share`, `personal_bonus`, `employee_id`, `staffing_id`) VALUES (3, 1, 3000, 3, 3);
INSERT INTO `Kindrat_Anatolii`.`Appointments` (`appointments_id`, `fte_share`, `personal_bonus`, `employee_id`, `staffing_id`) VALUES (4, 0.5, 0, 4, 4);
INSERT INTO `Kindrat_Anatolii`.`Appointments` (`appointments_id`, `fte_share`, `personal_bonus`, `employee_id`, `staffing_id`) VALUES (5, 1, 1500, 5, 5);

COMMIT;

-- -----------------------------------------------------
-- Data for table `Kindrat_Anatolii`.`Users`
-- -----------------------------------------------------
START TRANSACTION;
USE `Kindrat_Anatolii`;
INSERT INTO `Kindrat_Anatolii`.`Users` (users_id, users_login, users_password) VALUES (NULL,'admin',SHA2('1234', 256));
COMMIT;